"","x"
"cele-001-001.CGCTAACCGT","3"
"cele-001-002.TGGAACTAGA","5"
"cele-001-002.TCTAGAACTA","1"
"cele-001-002.GGCTATGACT","7"
"cele-001-003.TTAACGCCGT","9"
"cele-001-003.AATCTGGAGT","3"
"cele-001-003.CGGTCGTTAA","0"
"cele-001-003.TATATGAAGT","8"
"cele-001-003.GCAATTACTC","0"
"cele-001-003.GTCCAACTCA","1"
"cele-001-005.TCGCGTACTT","5"
"cele-001-005.ATGGATCCGA","2"
"cele-001-005.GCAATTACTC","9"
"cele-001-006.CCTACGGCAA","1"
"cele-001-007.ACCAGCGCAG","9"
"cele-001-007.CGGAAGATAT","2"
"cele-001-008.CTCTTAGCGG","4"
"cele-001-008.CCAGGTCTAC","0"
"cele-001-008.ATCTGCCAAT","2"
"cele-001-009.ACGGCAACCA","8"
"cele-001-009.ACTAATTGAG","1"
"cele-001-009.ATCCGTTAGC","4"
"cele-001-010.ACTGGATGCT","1"
"cele-001-011.TGACCGAATC","1"
"cele-001-011.ACGCAACTCC","10"
"cele-001-011.CCGCGCTATA","3"
"cele-001-011.GTTGACGGCC","8"
"cele-001-013.ATCCATCAGG","10"
"cele-001-013.CTTATCCTAC","1"
"cele-001-014.AGGATTACCA","0"
"cele-001-015.CCGCAGCCGC","11"
"cele-001-016.TTATTCTGAG","0"
"cele-001-016.CGGTAGGAAT","2"
"cele-001-016.TGCGCCTGGT","11"
"cele-001-016.AGATCCTATA","6"
"cele-001-017.ACTCGACGCC","7"
"cele-001-017.CCATCGGACC","1"
"cele-001-017.AGTTGCATCT","12"
"cele-001-017.AGGCCGGTAA","0"
"cele-001-017.CGGCGCTGGC","1"
"cele-001-017.TCATCTCGAT","10"
"cele-001-020.CGGCGCTGGC","3"
"cele-001-021.TGGAAGTACC","9"
"cele-001-022.AACCTAGCTT","0"
"cele-001-022.TTCTCTACTA","7"
"cele-001-022.ACGACCAATA","9"
"cele-001-022.AATACCAGTT","8"
"cele-001-022.CTGCTTCGAC","7"
"cele-001-023.GGTCGCTATG","5"
"cele-001-024.AATTGCCTAC","1"
"cele-001-024.GTTATGGATC","0"
"cele-001-025.AGGTAATTCC","6"
"cele-001-026.TCCGGTAATC","4"
"cele-001-027.ATATGCCATC","2"
"cele-001-027.TCATCTCGAT","5"
"cele-001-028.ATGCTCGCAA","4"
"cele-001-029.ATACGCCGCC","11"
"cele-001-029.CGGCGCTGGC","6"
"cele-001-030.AACGGACCAA","0"
"cele-001-030.TGAACGGTAA","8"
"cele-001-030.TATAGTAAGC","1"
"cele-001-032.TTCAAGAATC","0"
"cele-001-032.TTATTAGTAG","10"
"cele-001-033.ATCATGGCTG","1"
"cele-001-033.GGCTCGAGAT","2"
"cele-001-033.TGCGAAGATC","2"
"cele-001-038.CAACCAGTAC","1"
"cele-001-039.TTCTACGCCA","3"
"cele-001-041.GAATCGACGT","5"
"cele-001-042.CAGGCTAAGA","1"
"cele-001-042.ACCTCTATCT","0"
"cele-001-043.TCTATCGGTA","1"
"cele-001-043.CCATTCGTAA","12"
"cele-001-043.GATATGGTCT","1"
"cele-001-044.CTTCATTAGA","5"
"cele-001-044.TGCGCGATGC","6"
"cele-001-045.TATTCCGTTA","0"
"cele-001-045.ACCAAGATCT","1"
"cele-001-046.CTCGGTCAAT","10"
"cele-001-047.ACTCGACGCC","1"
"cele-001-048.GCGCGGTAGT","5"
"cele-001-050.GCGACGCCTT","1"
"cele-001-051.CTATTAACCA","1"
"cele-001-051.ACCTGGACGC","8"
"cele-001-051.CGCGTACGAC","0"
"cele-001-052.GGACTCATTG","4"
"cele-001-053.ATGCTCGCAA","3"
"cele-001-055.TGATAATAGC","7"
"cele-001-056.GTCCAACTCA","9"
"cele-001-056.TGGCCATGCA","2"
"cele-001-058.GGACGGAGCC","0"
"cele-001-059.CATTCTAGAA","1"
"cele-001-059.CCGTTCGGAT","8"
"cele-001-059.CTACGACGAG","0"
"cele-001-060.ATACGCCGCC","0"
"cele-001-062.CTGCAATCGC","0"
"cele-001-062.AACCTAGCTT","10"
"cele-001-062.AGACTCAAGC","8"
"cele-001-063.TTGATGCTAT","7"
"cele-001-063.ACTCCGCCAA","11"
"cele-001-064.CGATCCTGGA","5"
"cele-001-064.CGAAGGACGA","0"
"cele-001-065.CGGTTATGCC","0"
"cele-001-065.GCAAGGAATA","1"
"cele-001-065.CGCCTCGAAC","11"
"cele-001-065.TTCTACGCCA","5"
"cele-001-065.TGCATATAAC","1"
"cele-001-065.CTACGGTAGC","6"
"cele-001-067.CAGCGCATCC","4"
"cele-001-068.AGTCGAGTTC","5"
"cele-001-068.ACGATACCGG","7"
"cele-001-068.CGGCGCTGGC","12"
"cele-001-069.CGGATGAAGG","1"
"cele-001-069.AACGCCTCTA","3"
"cele-001-070.AGCTAAGGTA","4"
"cele-001-073.TTGGATCCTT","7"
"cele-001-073.ACTTCCGAAT","0"
"cele-001-074.CATGAGAACT","3"
"cele-001-074.TTAATTATTG","9"
"cele-001-079.ATTGCGCTGA","8"
"cele-001-079.TACTTACTTA","10"
"cele-001-083.TTCCTAGACC","0"
"cele-001-083.CTCGGTCAAT","1"
"cele-001-085.CGAGCTGCCA","8"
"cele-001-086.ATTCTCCTCT","4"
"cele-001-086.TGGACTTGAC","8"
"cele-001-088.AATGAATAGT","0"
"cele-001-088.GGATATAATA","1"
"cele-001-088.ACTGGATGCT","12"
"cele-001-090.GCAACTGGCA","11"
"cele-001-090.GCCGTATGCT","2"
"cele-002-002.ACCAGTATAA","4"
"cele-002-002.ATCTAGGTTC","4"
"cele-002-002.AAGCCGGCTG","6"
"cele-002-002.CGCAATATCA","2"
"cele-002-003.CGAATAATTC","1"
"cele-002-003.CCTTAGTCTG","1"
"cele-002-004.ACTCTCTCAA","11"
"cele-002-004.ACGGTCTTGC","9"
"cele-002-005.TCCTTACCAA","2"
"cele-002-005.CTCTTCAAGC","8"
"cele-002-007.TAACGGCTGA","1"
"cele-002-008.AAGTCGCGCG","5"
"cele-002-008.TATTACTCAT","3"
"cele-002-008.GTATTAAGTT","8"
"cele-002-009.GGCTCCTCGT","1"
"cele-002-009.CCGATCAGCC","1"
"cele-002-010.TGCCAGATGG","0"
"cele-002-011.TCGATATTGA","10"
"cele-002-012.ACCAAGATCT","5"
"cele-002-016.CTGGATTAGT","12"
"cele-002-019.ACGAAGAAGC","10"
"cele-002-020.GTATTAAGTT","11"
"cele-002-021.GTTATGGATC","2"
"cele-002-022.CGGTTATGCC","2"
"cele-002-022.CTTCCAAGAA","8"
"cele-002-023.ATCGTATCAA","1"
"cele-002-023.AACTACGGCT","1"
"cele-002-023.CCAGTCCTCT","0"
"cele-002-023.TCCTCTCCGT","4"
"cele-002-024.AAGAAGTTCA","6"
"cele-002-024.ACCAGCGCAG","0"
"cele-002-024.CCGCTAGCTG","4"
"cele-002-025.TGGTCCAGTC","1"
"cele-002-026.ATCCTACCTC","2"
"cele-002-026.CGGATAGGTA","1"
"cele-002-026.GATTGCAGAC","0"
"cele-002-027.CCGCAAGTTC","1"
"cele-002-029.AAGAATGGAA","7"
"cele-002-029.AATCATACGG","0"
"cele-002-029.TACCTAATCA","6"
"cele-002-030.AGGTAATTCC","0"
"cele-002-031.GTAGTTGGAT","6"
"cele-002-032.TTAGATTCCG","3"
"cele-002-032.GGCTAATTAA","7"
"cele-002-032.CCAACTAACC","0"
"cele-002-033.ATGGCGGATC","5"
"cele-002-033.CTACGACGAG","12"
"cele-002-034.CGAAGGACGA","11"
"cele-002-034.CGATCATTAC","8"
"cele-002-035.CTACGGTAGC","6"
"cele-002-036.CGGATGAAGG","3"
"cele-002-036.GCCGTCGCGT","2"
"cele-002-036.GAAGGTTGCC","6"
"cele-002-036.AGAGAACTTG","4"
"cele-002-041.CGACTACCAA","5"
"cele-002-041.TGGACTTGAC","4"
"cele-002-042.CGCCAGGCAT","7"
"cele-002-043.TGCGCCATCT","5"
"cele-002-044.TCTGCGCGTT","0"
"cele-002-045.GCGACGCAGA","4"
"cele-002-045.GCTCTAACGA","2"
"cele-002-045.TGGAGAATTC","2"
"cele-002-046.CCGTTGACTT","2"
"cele-002-046.ACCATAGCGC","4"
"cele-002-046.TTGCTGCGCC","5"
"cele-002-047.TTCCATGGCA","2"
"cele-002-047.TTGATGCTAT","1"
"cele-002-047.CCAGGCCGCA","2"
"cele-002-047.TGGCCGGCCT","3"
"cele-002-048.ACTGAATTCC","1"
"cele-002-049.ACGGCAACCA","1"
"cele-002-049.CGCAATATCA","0"
"cele-002-050.CGATGGCGCC","9"
"cele-002-051.CCGTTGACTT","4"
"cele-002-052.CGGCAGAGGA","2"
"cele-002-052.TTCTACGCCA","1"
"cele-002-054.GGACGACGCA","12"
"cele-002-055.TTCAAGAATC","4"
"cele-002-055.TCCGCCTACT","6"
"cele-002-056.ATAATCTCGC","2"
"cele-002-057.ACTGCCGATA","3"
"cele-002-058.GCCATCAACT","3"
"cele-002-058.TCCGGTAATC","11"
"cele-002-058.CAAGTACTGG","12"
"cele-002-059.TGATAGAACG","0"
"cele-002-060.ATCTCCTACG","11"
"cele-002-061.AGGCCGGTAA","4"
"cele-002-062.AATAATACCA","5"
"cele-002-064.ATCTCCTACG","0"
"cele-002-065.AATAATACCA","1"
"cele-002-068.ACGTTCAACC","1"
"cele-002-068.TCGATATTGA","8"
"cele-002-068.CAGGAGGAGA","5"
"cele-002-068.CATAACCAGC","1"
"cele-002-071.AACTTATAAG","0"
"cele-002-072.TGATGGCCTT","6"
"cele-002-073.CTCTGATCAG","4"
"cele-002-074.GAGGCGGAAT","10"
"cele-002-074.GGATTCTATC","4"
"cele-002-074.GGACTACTAC","8"
"cele-002-074.CGAATAATTC","1"
"cele-002-074.ATCATGGCTG","0"
"cele-002-078.ACCGACCTCA","1"
"cele-002-079.GGTAGATCAA","0"
"cele-002-080.CCTGAGAGCA","1"
"cele-002-082.TTAACGTACC","7"
"cele-002-082.CATGCTGGTT","3"
"cele-002-082.TTAGCAATAA","7"
"cele-002-084.ATCGTATCAA","1"
"cele-002-085.CTGGTTGGTT","2"
"cele-002-087.CAAGCTTGGC","11"
"cele-002-088.GGCATCTACC","4"
"cele-003-005.TTGATGCTAT","4"
"cele-003-009.CGGTTATGCC","6"
"cele-003-009.CATCGCGCTC","11"
"cele-003-009.AGTCGAGTTC","0"
"cele-003-015.TGAGCTACTT","6"
"cele-003-018.ATAATCTCGC","0"
"cele-003-019.TAGGCAGATA","7"
"cele-003-021.ACCAGTATAA","4"
"cele-003-024.ACTACTGAAG","1"
"cele-003-024.GGCTGCCTTA","11"
"cele-003-026.CATGACTCAA","10"
"cele-003-031.TCTGCGCGTT","7"
"cele-003-033.TATAGTAAGC","4"
"cele-003-034.GCTCTCGCCT","0"
"cele-003-035.GCAACTGGCA","0"
"cele-003-035.ATTCAGGTAC","4"
"cele-003-041.GGCATAGCTT","2"
"cele-003-042.GCCTCAGCAT","8"
"cele-003-042.CAAGTCGACC","8"
"cele-003-043.AATATTCGAA","4"
"cele-003-048.TCCAGAAGGT","7"
"cele-003-049.AATCAGCTGC","0"
"cele-003-049.ATAGGATATG","1"
"cele-003-049.TGCGCCTGGT","0"
"cele-003-050.ACGCCGTTCA","7"
"cele-003-050.GCAAGGAATA","2"
"cele-003-050.ACTGCCGATA","4"
"cele-003-050.TGATAATAGC","8"
"cele-003-054.TATTCCGTTA","3"
"cele-003-056.ACGCGCTCCT","4"
"cele-003-057.GTATCATCGA","0"
"cele-003-057.GGCCTCCATT","4"
"cele-003-059.GGACTCATTG","12"
"cele-003-060.ACCAGCGCAG","3"
"cele-003-060.TCGATATTGA","0"
"cele-003-060.CCTGAGAGCA","5"
"cele-003-067.CAGCAGTATC","7"
"cele-003-067.ATCTGCCAAT","1"
"cele-003-072.AGACTCAAGC","7"
"cele-003-075.GCGACGCCTT","1"
"cele-003-075.CATTCTAGAA","3"
"cele-003-081.AACCTAGCTT","1"
"cele-003-092.GGCTGCCTTA","7"
"cele-004-001.TTATAAGAAC","1"
"cele-004-004.AATCGAACTC","5"
"cele-004-005.GAGGCGGAAT","5"
"cele-004-006.CGCCAATCAA","2"
"cele-004-008.ACTACTGAAG","0"
"cele-004-009.TTATTCTGAG","1"
"cele-004-012.CCTACGGCAA","4"
"cele-004-012.TTGCAGCATT","7"
"cele-004-012.TGGACTTGAC","8"
"cele-004-013.TTCCTAGACC","4"
"cele-004-014.GGAGCTGAGG","2"
"cele-004-014.TTCTCTGAGA","0"
"cele-004-016.TCTATAAGGA","12"
"cele-004-019.ATCTAAGCAA","4"
"cele-004-021.TATAACTTCC","2"
"cele-004-021.TGAGAACCAA","4"
"cele-004-023.CAACTTGGAT","1"
"cele-004-023.TTCATAATGG","4"
"cele-004-024.CCGCAGCCGC","4"
"cele-004-026.AACCTCAAGA","11"
"cele-004-028.ACTGGTAGAT","3"
"cele-004-032.TGGTATTCAT","7"
"cele-004-033.TCCTCTCCGT","10"
"cele-004-034.GGCTGCCTTA","4"
"cele-004-039.CTGCAATCGC","6"
"cele-004-040.CATGCATCTC","4"
"cele-004-041.AATTATCAGC","4"
"cele-004-043.CTTGCGGTCT","1"
"cele-004-045.TGATTCAACT","3"
"cele-004-048.ATATGAGCCA","7"
"cele-004-051.GGTAGGTCTC","0"
"cele-004-051.TTAGTACGCC","8"
"cele-004-053.AATCAGCTGC","0"
"cele-004-053.CAAGGCATTC","4"
"cele-004-053.CATGCATCTC","0"
"cele-004-058.ATGGAATTGG","1"
"cele-004-059.CTCGGTCAAT","1"
"cele-004-060.ACGATACCGG","10"
"cele-004-060.AACGCTATTA","0"
"cele-004-061.CTCGGTCAAT","6"
"cele-004-065.AACGTAATCT","7"
"cele-004-075.CAAGTACTGG","1"
"cele-004-078.CGACTACCAA","2"
"cele-005-001.TTGATATATT","4"
"cele-005-001.TCAGCTCTAA","5"
"cele-005-002.TTAATAGTTC","9"
"cele-005-003.AAGTTGCCAT","8"
"cele-005-004.CGAATCTCCT","2"
"cele-005-004.CCAGGTCTAC","6"
"cele-005-005.CTGCAATCGC","2"
"cele-005-005.TCTAGAACTA","11"
"cele-005-005.GACCTGGAAT","2"
"cele-005-006.CCGCTGCTTC","6"
"cele-005-006.CATTCTAGAA","1"
"cele-005-006.ATAGTCGTAG","12"
"cele-005-007.TCGTCAACTT","0"
"cele-005-007.CTGGCTTCCT","2"
"cele-005-007.GAACTGCATC","3"
"cele-005-007.TACCAGAGTA","2"
"cele-005-008.GGTAAGCTCT","9"
"cele-005-008.TCTCTCATCC","6"
"cele-005-008.TGGAACTAGA","7"
"cele-005-008.CGAATAATTC","4"
"cele-005-008.ACGCTTCTCT","8"
"cele-005-008.TATAACTTCC","5"
"cele-005-008.TAAGATAGGT","4"
"cele-005-008.TGGCGTAGGT","3"
"cele-005-008.TGCGCCTGGT","0"
"cele-005-008.ACTCCGCCAA","0"
"cele-005-008.CGCAATATCA","9"
"cele-005-009.GCGACGCAGA","4"
"cele-005-009.GTCCAACTCA","5"
"cele-005-009.CATTATTACC","11"
"cele-005-009.CGTATTGAGA","2"
"cele-005-010.CAGAGTAGAC","4"
"cele-005-010.ATTGAGATTG","12"
"cele-005-010.ACGTTCAACC","10"
"cele-005-010.TTCATAATGG","3"
"cele-005-011.GAGGCTTATT","9"
"cele-005-011.ATGCAATATG","5"
"cele-005-011.TCAGCTCTAA","2"
"cele-005-011.GCTCATATGC","1"
"cele-005-011.TGGACTTGAC","2"
"cele-005-012.AATCATACGG","3"
"cele-005-012.GGCTCGAGAT","11"
"cele-005-012.CCTGAGAGCA","2"
"cele-005-013.CTTCGGCGCA","10"
"cele-005-013.TCTATCGGTA","4"
"cele-005-013.GACTAGTCTA","3"
"cele-005-013.AACCTCAAGA","7"
"cele-005-013.ATATGCCATC","3"
"cele-005-014.TATCCTCAAT","0"
"cele-005-015.CCAGGCCGCA","1"
"cele-005-015.AGCAAGTAGT","1"
"cele-005-015.AACTATTATA","0"
"cele-005-016.AACTACCGAC","6"
"cele-005-017.GGATGCAGCA","7"
"cele-005-017.ACTCGACGCC","0"
"cele-005-017.AGGAGATTGA","2"
"cele-005-017.CTTGCATAAT","1"
"cele-005-017.TGATACGAGT","0"
"cele-005-017.CTTGGTAATG","2"
"cele-005-017.AACGGAACGC","3"
"cele-005-018.ATGGCGGATC","11"
"cele-005-018.TTAACGCCGT","3"
"cele-005-018.GTTATGGATC","9"
"cele-005-018.CCATCGGACC","6"
"cele-005-019.CGACTACCAA","1"
"cele-005-019.TGCCTAACTT","8"
"cele-005-019.CGATCATTAC","1"
"cele-005-019.ACCTCTATCT","4"
"cele-005-020.ATCCATCAGG","7"
"cele-005-020.TTGATGCTAT","1"
"cele-005-020.TTAGGATCTA","0"
"cele-005-021.TTGAATTATA","4"
"cele-005-021.TTCTACGCCA","1"
"cele-005-021.TGATTCAACT","3"
"cele-005-022.GCCAGGATCA","1"
"cele-005-022.TGCAGCCTAC","0"
"cele-005-022.GTCCAACTCA","1"
"cele-005-023.TCTGCGCGTT","1"
"cele-005-023.CGAATTCGTT","1"
"cele-005-023.GGACTCATTG","3"
"cele-005-023.CGATCATTAC","7"
"cele-005-023.TTGGAATCTC","3"
"cele-005-024.AGTCCGCGGA","2"
"cele-005-024.TGCAGCCTAC","0"
"cele-005-024.AGCGTCAATG","6"
"cele-005-024.GACCGTAGCA","9"
"cele-005-026.CGTCCGTCCT","0"
"cele-005-026.ACTCGACGCC","0"
"cele-005-026.CCAGGCCGCA","3"
"cele-005-026.GGATTGACTC","8"
"cele-005-026.CCTAAGCGGT","9"
"cele-005-026.CGGATAGGTA","0"
"cele-005-026.TGGAGAATTC","5"
"cele-005-027.ACGATAGACT","1"
"cele-005-028.ATCCATCAGG","1"
"cele-005-029.GACCTCCGCC","1"
"cele-005-029.GCTCTAACGA","2"
"cele-005-030.ACGCAACTCC","2"
"cele-005-030.CGGCGCTGGC","5"
"cele-005-031.GATGATCGTA","4"
"cele-005-031.CTACGACGAG","2"
"cele-005-031.AAGTAGACTA","0"
"cele-005-031.ATAAGCCGGA","2"
"cele-005-031.CAAGGCATTC","0"
"cele-005-032.GTTCTGAATT","5"
"cele-005-033.TACCTAATCA","6"
"cele-005-033.GGCTATGACT","1"
"cele-005-034.AATGGTCGAC","9"
"cele-005-035.CATTCTAGAA","1"
"cele-005-035.AATCGAACTC","11"
"cele-005-036.AATAATAATG","0"
"cele-005-036.CCGCGCAGGT","10"
"cele-005-037.TTATCGTATT","2"
"cele-005-038.GTCCAACTCA","6"
"cele-005-038.TACCAGAGTA","2"
"cele-005-039.CCGAATCCGA","10"
"cele-005-039.CGATCCTGGA","0"
"cele-005-039.GGATTCTATC","1"
"cele-005-039.AATTGCCTAC","6"
"cele-005-039.GTTGAACGCA","8"
"cele-005-039.ATGCAATATG","9"
"cele-005-039.CTGCTTCGAC","8"
"cele-005-039.CCGCAGCCGC","1"
"cele-005-040.ACTGAATTCC","5"
"cele-005-040.GTTGACGGCC","4"
"cele-005-040.CAGGCGCCAT","1"
"cele-005-041.AGCTAAGGTA","1"
"cele-005-041.GGCTGCCTTA","0"
"cele-005-041.CATCGCGCTC","0"
"cele-005-041.ATGCTCGCAA","0"
"cele-005-041.TCCTCTCCGT","0"
"cele-005-041.CGATCATTAC","4"
"cele-005-041.CAGGCGCCAT","7"
"cele-005-042.CATGACTCAA","1"
"cele-005-042.GGTCGCCGCT","3"
"cele-005-043.CCTATCATAA","2"
"cele-005-043.TTCTTATCGA","4"
"cele-005-043.TAACGAATTG","0"
"cele-005-044.ATCCATCAGG","0"
"cele-005-044.GGACTACTAC","5"
"cele-005-044.TCATCTCGAT","1"
"cele-005-045.TGGCGTAGGT","1"
"cele-005-046.GTTGAACGCA","2"
"cele-005-046.GCCTCAATAA","7"
"cele-005-046.TTAATTATTG","8"
"cele-005-046.GGCTCGAGAT","10"
"cele-005-046.CTTATCCTAC","9"
"cele-005-046.CCAAGCTGAA","4"
"cele-005-047.ATCGTATCAA","8"
"cele-005-047.ACTTAACTAG","0"
"cele-005-047.CCTACGGCAA","11"
"cele-005-047.CTTAGTTCAA","1"
"cele-005-047.CGGTCGTTAA","2"
"cele-005-047.ACGAGGACCT","3"
"cele-005-047.AATATTCGAA","7"
"cele-005-047.CTTCCAAGAA","1"
"cele-005-048.CATCCGACTA","4"
"cele-005-048.CGAATTCGTT","2"
"cele-005-049.CGGCAGAGGA","10"
"cele-005-049.GCGGAGTCGA","6"
"cele-005-049.GACCAATGCG","1"
"cele-005-049.TATGCCGAGT","3"
"cele-005-050.ATGAACGCGC","5"
"cele-005-051.CCTGCATCAA","8"
"cele-005-052.CATCGCGCTC","10"
"cele-005-052.GTTCTGAATT","1"
"cele-005-053.ACTCGACGCC","9"
"cele-005-053.TCTCTCATCC","7"
"cele-005-053.TGATAGAACG","5"
"cele-005-053.ACCAAGATCT","4"
"cele-005-053.AAGATCCAAC","10"
"cele-005-054.ACGGTCTTGC","2"
"cele-005-054.TACTTACTTA","3"
"cele-005-055.CAGAGTAGAC","7"
"cele-005-055.CTCGTCTAGG","0"
"cele-005-055.CGCCGCCTCC","1"
"cele-005-055.TTCGATAACC","0"
"cele-005-055.TAACGAATTG","0"
"cele-005-055.TCTAGTCAAG","5"
"cele-005-056.TAGCCAGCAA","1"
"cele-005-057.ACTCTCTCAA","8"
"cele-005-057.AGTAAGCATA","2"
"cele-005-057.CCAGGCTCTT","2"
"cele-005-058.AATGCTAGTC","3"
"cele-005-058.AACTGATCTT","0"
"cele-005-058.CTCCGGTTCT","5"
"cele-005-058.ACGATAGACT","5"
"cele-005-058.GGATCTGCAG","6"
"cele-005-059.ACGATAGACT","0"
"cele-005-060.GAAGGTTGCC","3"
"cele-005-060.TTGGACGCTG","2"
"cele-005-060.GTCGCTCAGT","3"
"cele-005-060.CTCCAAGGAT","0"
"cele-005-061.GGTAAGCTCT","2"
"cele-005-061.CTTGCATAAT","3"
"cele-005-061.AGATCCTATA","1"
"cele-005-061.CTCGATGGAG","0"
"cele-005-062.CAACTTGGAT","1"
"cele-005-062.CCGTTCGGAT","2"
"cele-005-062.CGTATTGAGA","8"
"cele-005-063.ATAATGCATT","0"
"cele-005-063.TCCGGTAATC","6"
"cele-005-064.AAGAAGTTCA","9"
"cele-005-064.CCGCTAGCTG","1"
"cele-005-064.TCCGCCTACT","12"
"cele-005-064.GAAGTCCGTC","3"
"cele-005-065.CAACTTGGAT","8"
"cele-005-065.TATTCCGTTA","0"
"cele-005-065.ACTGCCGATA","1"
"cele-005-066.ATGCCGGACG","3"
"cele-005-066.TGAGAACCAA","1"
"cele-005-067.ATGCTCGCAA","5"
"cele-005-068.CGTCTATGAA","0"
"cele-005-068.TCGCAATTAG","0"
"cele-005-068.TGCATATAAC","0"
"cele-005-068.TTATAAGAAC","3"
"cele-005-069.AAGACGGCCA","11"
"cele-005-069.TTACGTATAC","0"
"cele-005-069.ACGGCAACCA","8"
"cele-005-069.AATACGCAGG","1"
"cele-005-069.CGACTTGGCG","0"
"cele-005-069.TGGCCGCAAT","11"
"cele-005-069.CAAGGCATTC","10"
"cele-005-069.GGACGGAGCC","0"
"cele-005-070.TTCAAGAATC","0"
"cele-005-070.GGCTGCCTTA","1"
"cele-005-070.GTATACCGAA","3"
"cele-005-070.TAGGCAGATA","0"
"cele-005-071.TTACGTATAC","8"
"cele-005-071.TCCGGTAATC","1"
"cele-005-071.TAGTCGTCCA","1"
"cele-005-071.CCGCGGACCG","1"
"cele-005-071.TGCGCCATCT","0"
"cele-005-072.CCGTTGACTT","2"
"cele-005-072.TTGATGCTAT","6"
"cele-005-072.TTAGGATCTA","2"
"cele-005-073.GACGAAGCGT","5"
"cele-005-073.TATTCCGTTA","8"
"cele-005-073.CCTATAAGCT","1"
"cele-005-073.TGCCTATTAT","1"
"cele-005-074.CCTGACGTTC","2"
"cele-005-076.TTCGCTGCCT","3"
"cele-005-077.AAGTAGTCAG","2"
"cele-005-077.TATTCCGTTA","7"
"cele-005-077.AGGAGATTGA","3"
"cele-005-077.TCAGACGAAC","5"
"cele-005-077.CGGCGAGACC","1"
"cele-005-078.CGTAATGCAG","2"
"cele-005-078.TCATACCGCT","5"
"cele-005-079.ATGAACGCGC","6"
"cele-005-079.AAGTAGTCAG","12"
"cele-005-079.GTTACGCAAG","2"
"cele-005-079.CTCTTAGCGG","2"
"cele-005-080.ACGGAGAATA","11"
"cele-005-080.GAGGTCGGTT","11"
"cele-005-080.TTAATAGTTC","1"
"cele-005-081.GTTATGGATC","2"
"cele-005-081.CTGAACTGGT","0"
"cele-005-081.CGCCTCGAAC","1"
"cele-005-081.ATCGAGTCGC","1"
"cele-005-082.AATCCGGTCA","8"
"cele-005-082.AATACGCAGG","2"
"cele-005-083.TTGGAGCTCA","1"
"cele-005-084.ATATGAGCCA","0"
"cele-005-084.CCATTCGTAA","1"
"cele-005-084.GCCAGGATCA","10"
"cele-005-085.AGTAAGCATA","6"
"cele-005-085.CTCGTCTAGG","4"
"cele-005-085.TGGTATTCAT","6"
"cele-005-085.TTCGATAACC","1"
"cele-005-085.CCGATCAGCC","9"
"cele-005-085.GCTAACCTCA","6"
"cele-005-086.TTCAAGAATC","6"
"cele-005-086.GCTCCATTCG","1"
"cele-005-086.CTTCTCATTG","6"
"cele-005-086.CCTACGGCAA","5"
"cele-005-086.ACGAGGACCT","2"
"cele-005-086.TGATTCCTCA","0"
"cele-005-086.TACGGCTACG","0"
"cele-005-086.CCTTAGTCTG","1"
"cele-005-087.GATGATCGTA","5"
"cele-005-087.CCAGGCCGCA","2"
"cele-005-087.TCGATATTGA","0"
"cele-005-087.TACGGCTACG","2"
"cele-005-087.AACGCCTCTA","3"
"cele-005-088.ATGCTCGCAA","1"
"cele-005-088.TCAGCTCTAA","12"
"cele-005-088.AGGCCGGTAA","0"
"cele-005-088.TTCATAATGG","10"
"cele-005-089.TTCCTAGACC","3"
"cele-005-089.AACTACGGCT","5"
"cele-005-089.TGCAGCCTAC","2"
"cele-005-089.ACGCGCTCCT","0"
"cele-005-089.GGCTTGCCAA","4"
"cele-005-090.GCTCTCGCCT","1"
"cele-005-090.CCGTATCTGG","2"
"cele-005-091.CGCATCCATC","9"
"cele-005-091.GAGGCTTATT","2"
"cele-005-091.AAGTAATATT","0"
"cele-005-091.TTGATGCTAT","3"
"cele-005-091.GCCAGGATCA","2"
"cele-005-091.TTGATATATT","0"
"cele-005-091.AATACTTGCG","4"
"cele-005-091.TCATCTCGAT","3"
"cele-005-092.GTATCATCGA","9"
"cele-005-092.GGCGGTTGAC","2"
"cele-005-092.TCCAGCAATA","3"
"cele-005-092.TTGGATCCTT","0"
"cele-005-092.CAGGCGCCAT","0"
"cele-005-092.TGCGCGATGC","0"
"cele-006-001.CCGAATCCGA","2"
"cele-006-001.GGCTGCCTTA","11"
"cele-006-001.TTATAAGAAC","4"
"cele-006-002.CTGAACTGGT","9"
"cele-006-002.CCTATAAGCT","9"
"cele-006-002.TGGACTTGAC","1"
"cele-006-003.ATCATGGCTG","5"
"cele-006-003.CGCGTACGAC","2"
"cele-006-003.ATTCAGGTAC","12"
"cele-006-004.AAGTCGCGCG","4"
"cele-006-004.CCGCGATTAT","11"
"cele-006-004.TGGTATTCAT","2"
"cele-006-004.GTACTAGTAA","8"
"cele-006-005.GTCCAACTCA","6"
"cele-006-006.ATCAACGATT","1"
"cele-006-006.TGATTCAACT","0"
"cele-006-007.CTGAAGAGAC","2"
"cele-006-007.CCGCTAGCTG","12"
"cele-006-008.TCTCTCATCC","1"
"cele-006-008.ACCGTTACGA","0"
"cele-006-008.CAAGCTTCAT","8"
"cele-006-008.TCTACCATTA","11"
"cele-006-008.CTGCTTCGAC","2"
"cele-006-009.ACCAAGATCT","5"
"cele-006-012.CGTCTATGAA","0"
"cele-006-012.TGCAGCCTAC","0"
"cele-006-012.CTAACTCCAA","9"
"cele-006-012.TCATCTCGAT","3"
"cele-006-013.TTACGTATAC","0"
"cele-006-013.TGAGGTAGAA","8"
"cele-006-013.CCATCGGACC","5"
"cele-006-013.CAAGGCATTC","1"
"cele-006-013.CCGCGCAGGT","9"
"cele-006-015.GCTCCATTCG","9"
"cele-006-015.TTCGATAACC","0"
"cele-006-015.CTTGCAGTAG","2"
"cele-006-015.CTCGATGGAG","0"
"cele-006-016.CGGAGATCCG","1"
"cele-006-017.CGTCCGTCCT","6"
"cele-006-017.CGTATTGAGA","2"
"cele-006-018.TCCTTACCAA","2"
"cele-006-018.ATAACCGTTC","1"
"cele-006-018.GTATTAAGTT","2"
"cele-006-019.CGACTACCAA","1"
"cele-006-019.CAAGCAACTG","6"
"cele-006-019.CGAATCTCCT","4"
"cele-006-020.TCGGCGTCGT","3"
"cele-006-020.TTCCTAGACC","0"
"cele-006-020.CATGAGAACT","0"
"cele-006-020.CAACCGGATC","0"
"cele-006-020.GACCTCCGCC","1"
"cele-006-020.TCTGACGAGG","1"
"cele-006-020.CTTCCAAGAA","3"
"cele-006-021.AGGTCAATTA","9"
"cele-006-022.GTTGAAGGAT","4"
"cele-006-022.CGAGCTGCCA","0"
"cele-006-023.TCTAGTCAAG","3"
"cele-006-024.ATCCATCAGG","4"
"cele-006-024.ATAGGATATG","0"
"cele-006-024.TCGATATTGA","1"
"cele-006-024.ATTAACTTAA","3"
"cele-006-025.AATCATACGG","0"
"cele-006-025.TGGCCGGCCT","2"
"cele-006-026.CGTCCGTCCT","5"
"cele-006-026.CGGCTTACTA","3"
"cele-006-026.TGACGCTCCG","2"
"cele-006-026.CCGGAGTTGC","8"
"cele-006-026.TTCCATGGCA","0"
"cele-006-026.ACCAGTATAA","1"
"cele-006-026.CTGATTAAGA","1"
"cele-006-026.GATATGGTCT","1"
"cele-006-026.AACGCCTCTA","0"
"cele-006-027.AATACCAGTT","5"
"cele-006-028.ACTCTACTGG","0"
"cele-006-029.ACGCAACTCC","0"
"cele-006-029.GAATGAGGAG","5"
"cele-006-029.TCGTAGAGAA","12"
"cele-006-029.ATGGAAGCAT","1"
"cele-006-031.AGCTGCAATA","1"
"cele-006-032.AATAATAATG","2"
"cele-006-032.GGTCGCTATG","6"
"cele-006-032.AGTTGCATCT","5"
"cele-006-033.CTTAGTTCAA","2"
"cele-006-033.TCGTCAACTT","0"
"cele-006-033.TGGTCCAGTC","0"
"cele-006-034.ACCAGCGCAG","1"
"cele-006-034.ATCCTACCTC","0"
"cele-006-034.AATCATACGG","9"
"cele-006-034.ATGCAATATG","2"
"cele-006-034.AATTATCAGC","3"
"cele-006-034.CTCGGTCAAT","8"
"cele-006-035.CTCGTCTAGG","0"
"cele-006-035.TAAGATAGGT","1"
"cele-006-035.AGCTAAGAAT","1"
"cele-006-036.AGGTCAATTA","0"
"cele-006-036.AACTACCGAC","1"
"cele-006-036.GGAGTAAGCC","11"
"cele-006-036.CCTGAGAGCA","0"
"cele-006-036.ACTTCCGAAT","3"
"cele-006-037.GATATGGTCT","5"
"cele-006-037.AGGTCTATGG","2"
"cele-006-038.GAGGCGGAAT","0"
"cele-006-038.AATACGCAGG","1"
"cele-006-038.CGCCTCGAAC","0"
"cele-006-038.TATTCGATCT","0"
"cele-006-038.GGCCTCCATT","6"
"cele-006-038.AATAATACCA","3"
"cele-006-039.CATGACTCAA","1"
"cele-006-039.CTGGTTGGTT","0"
"cele-006-039.TTCGCTTACG","10"
"cele-006-039.CTGATACGTC","4"
"cele-006-039.TATCCTCAAT","1"
"cele-006-039.AATATTCGAA","5"
"cele-006-039.TCCGCCTACT","1"
"cele-006-039.GACCTGGAAT","9"
"cele-006-041.CGAATTCGTT","6"
"cele-006-041.GGTCGCCGCT","1"
"cele-006-041.ACCTCTATCT","8"
"cele-006-041.TACGGCTACG","3"
"cele-006-041.GACCTCTCTG","0"
"cele-006-042.ACCTAGTTAG","2"
"cele-006-042.AGCCGGTACC","0"
"cele-006-042.ATAATCTCGC","4"
"cele-006-042.ATCTGCCAAT","1"
"cele-006-043.ATGCAATATG","1"
"cele-006-043.ACTATCCGCA","8"
"cele-006-043.GGCTGGCTAG","0"
"cele-006-043.CGGCGCTGGC","5"
"cele-006-044.CTGCAATCGC","1"
"cele-006-044.TCGGTAAGGC","7"
"cele-006-044.ACGACCAATA","3"
"cele-006-044.GGCTCCTCGT","1"
"cele-006-044.CGATTGGTTA","1"
"cele-006-044.TTATAAGAAC","1"
"cele-006-045.AAGCATCCTA","5"
"cele-006-045.ATATGAGCCA","0"
"cele-006-045.GCCTGATATA","1"
"cele-006-045.GGACTCATTG","9"
"cele-006-047.AGGTAATTCC","0"
"cele-006-047.TCGATATTGA","8"
"cele-006-047.CGATCATTAC","12"
"cele-006-048.ATTGAGATTG","2"
"cele-006-048.CTTAGTTCAA","0"
"cele-006-048.AGGATTACCA","8"
"cele-006-048.TGGCTGATGA","1"
"cele-006-048.GGACTCATTG","3"
"cele-006-049.CCGAATCCGA","2"
"cele-006-049.GTAGATCGTT","5"
"cele-006-049.ACTAATTGAG","1"
"cele-006-049.TTCTCTACTA","0"
"cele-006-049.ACCATAGCGC","4"
"cele-006-050.ATTGCGCTGA","9"
"cele-006-050.TCTACCATTA","3"
"cele-006-050.ACTCTACTGG","0"
"cele-006-050.TAGTACTATC","3"
"cele-006-050.TGAACGGTAA","1"
"cele-006-050.ATCCGTTAGC","1"
"cele-006-050.CGAGTTAGAG","7"
"cele-006-051.CCGAATCCGA","8"
"cele-006-051.CATACGATGC","3"
"cele-006-052.CCAGGCTCTT","0"
"cele-006-052.TTAGAGCAAC","6"
"cele-006-052.TGAACGGTAA","0"
"cele-006-052.TTGATATGAA","0"
"cele-006-053.AGCCGGTACC","6"
"cele-006-053.GATTCCGGAA","1"
"cele-006-053.CGAAGGACGA","0"
"cele-006-054.TCGCAATTAG","3"
"cele-006-054.ATTCAGGTAC","2"
"cele-006-055.ACGATACCGG","6"
"cele-006-055.ACGATAGACT","0"
"cele-006-056.CCTATCATAA","11"
"cele-006-056.GGTCGCTATG","1"
"cele-006-057.TCCTTACCAA","5"
"cele-006-057.TAGTACTATC","0"
"cele-006-057.CAGCAGTATC","2"
"cele-006-058.AGGTAATTCC","3"
"cele-006-058.AGGATTACCA","2"
"cele-006-059.TGACGCTCCG","0"
"cele-006-059.CCGAATCCGA","9"
"cele-006-059.TCCTCGAGTC","3"
"cele-006-060.CCTTACTCCT","6"
"cele-006-060.TGGTCCAGTC","0"
"cele-006-061.CGCATCCATC","1"
"cele-006-061.TCTGCGCGTT","2"
"cele-006-061.AGCGGTAACG","0"
"cele-006-061.GATTCCGGAA","0"
"cele-006-061.TGGCTGATGA","0"
"cele-006-061.TCTACCATTA","0"
"cele-006-061.GCTCTAACGA","2"
"cele-006-061.TGCGCCATCT","2"
"cele-006-062.TTATTAGTAG","2"
"cele-006-063.TGACGCTCCG","3"
"cele-006-063.AATGAATAGT","0"
"cele-006-063.TTCCTAGACC","1"
"cele-006-063.CTGGCTTCCT","1"
"cele-006-063.CTCGGTCAAT","5"
"cele-006-064.TTCTACGCCA","1"
"cele-006-065.CGTCCGTCCT","7"
"cele-006-065.ACTGAATTCC","4"
"cele-006-065.TCTCTCATCC","0"
"cele-006-065.AGATATATCG","1"
"cele-006-065.GATATCGGCG","8"
"cele-006-065.ATATGCCATC","10"
"cele-006-065.AGACCATTCA","1"
"cele-006-065.GATTGCAGAC","2"
"cele-006-065.CATAGTTCGG","1"
"cele-006-066.TTGAGTATCA","9"
"cele-006-066.TTCCTAGACC","2"
"cele-006-066.TTAGAGCAAC","1"
"cele-006-066.TGAGAACCAA","10"
"cele-006-066.CCATCGGACC","1"
"cele-006-067.GCCAACGCCA","2"
"cele-006-067.GATATCGGCG","8"
"cele-006-067.CAGCTATCGT","1"
"cele-006-068.TATCGTCGGC","3"
"cele-006-068.TGCGCCATCT","3"
"cele-006-069.CATCCGACTA","0"
"cele-006-069.GGCTAATTAA","1"
"cele-006-069.TGGCCGCAAT","3"
"cele-006-069.ACGACCAATA","0"
"cele-006-069.GCTCTAACGA","1"
"cele-006-069.CTCCAAGGAT","3"
"cele-006-070.AATAATAATG","1"
"cele-006-071.ATCGTATCAA","8"
"cele-006-071.TTCCTAGACC","6"
"cele-006-071.CTTGCATAAT","6"
"cele-006-071.CCATTCGTAA","1"
"cele-006-071.CTTAGTTCAA","5"
"cele-006-071.AAGCTGACCT","1"
"cele-006-071.ATTCTCCTCT","3"
"cele-006-072.CTGGTTGGTT","1"
"cele-006-072.TGCATATAAC","1"
"cele-006-072.GTCTCCAGAG","8"
"cele-006-073.AAGAAGTTCA","0"
"cele-006-073.GGCTGCCTTA","0"
"cele-006-073.TGGTATTCAT","2"
"cele-006-073.TCGATATTGA","10"
"cele-006-073.TATCCTCAAT","1"
"cele-006-073.GTTCTGAATT","0"
"cele-006-073.CAGATTCGAT","1"
"cele-006-073.TGGAGAATTC","1"
"cele-006-074.AGCTAAGGTA","7"
"cele-006-074.ACTAATTGAG","0"
"cele-006-074.CTTCAGCTTC","5"
"cele-006-074.GGACTCATTG","1"
"cele-006-074.TGCAAGGCGT","9"
"cele-006-074.AACGCCTCTA","3"
"cele-006-075.TTAGCAATAA","0"
"cele-006-075.TTGGAGCTCA","9"
"cele-006-076.GCTCCATTCG","3"
"cele-006-076.CTTCATTAGA","7"
"cele-006-077.ATCATGGCTG","6"
"cele-006-077.GGACTCATTG","10"
"cele-006-077.CAAGGCATTC","3"
"cele-006-077.TGATTCCTCA","2"
"cele-006-077.CTACGGTAGC","7"
"cele-006-078.ATCAACGATT","5"
"cele-006-078.GAGGCGGAAT","0"
"cele-006-078.CCATTCGTAA","2"
"cele-006-078.TCGTAGAGAA","5"
"cele-006-079.TAAGATAGGT","2"
"cele-006-080.AATCTGGAGT","8"
"cele-006-080.TCAGGACTTA","1"
"cele-006-080.TGCGCCATCT","9"
"cele-006-080.GGCAATGAGA","2"
"cele-006-081.CCAGTCCTCT","1"
"cele-006-081.TTCTACGCCA","0"
"cele-006-081.TATCCTCAAT","1"
"cele-006-081.CGGCGCTGGC","4"
"cele-006-081.CCAGGTCTAC","1"
"cele-006-082.GCTCTCGCCT","0"
"cele-006-082.CAACCAGTAC","0"
"cele-006-082.TGATGCATCG","10"
"cele-006-082.CGGAGATCCG","7"
"cele-006-082.TGCGAAGATC","2"
"cele-006-083.ATTGAGATTG","4"
"cele-006-083.CTCTGCGGCA","12"
"cele-006-083.AATTATCAGC","1"
"cele-006-083.TTGGAGTCGG","8"
"cele-006-084.TCTACCATTA","3"
"cele-006-085.ACCAGCCTTA","3"
"cele-006-085.AACCTCAAGA","6"
"cele-006-085.TGGTATTCAT","7"
"cele-006-085.AGCTAAGAAT","9"
"cele-006-086.CCGCTGCTTC","6"
"cele-006-086.CGCATCCATC","5"
"cele-006-086.GCCTGATATA","1"
"cele-006-086.CCGCTATATT","1"
"cele-006-086.TGCAAGGCGT","10"
"cele-006-086.AATAATACCA","0"
"cele-006-086.AACTTATAAG","1"
"cele-006-088.CCGCGCTATA","1"
"cele-006-088.TGATTCAACT","10"
"cele-006-088.TTATTATGGT","11"
"cele-006-089.GATAAGGCAA","0"
"cele-006-090.CCGAATCCGA","2"
"cele-006-090.ATATGCCATC","7"
"cele-006-090.ACTATCCGCA","6"
"cele-006-091.TCATCTAATC","8"
"cele-006-092.TGACCGAATC","5"
"cele-006-092.AATCGAACTC","3"
"cele-006-092.CCGCAGCCGC","8"
"cele-007-001.AACCTCAAGA","7"
"cele-007-001.GGCTCCTCGT","6"
"cele-007-002.ATCGTATCAA","2"
"cele-007-002.ACGATAAGCG","6"
"cele-007-002.GCAGGCGACG","10"
"cele-007-002.TATTCCGTTA","1"
"cele-007-002.CATCGCGCTC","0"
"cele-007-002.TAACGAATTG","0"
"cele-007-002.CCTAGCGCCT","11"
"cele-007-002.CCGCGGACCG","12"
"cele-007-002.CTCTTCAAGC","9"
"cele-007-002.TCTCCTATAA","10"
"cele-007-003.TCTATAAGGA","8"
"cele-007-003.TTCTATAGAG","6"
"cele-007-003.AGGCCGCTCG","3"
"cele-007-003.TATAACTTCC","0"
"cele-007-003.CTACGACGAG","2"
"cele-007-003.CTTCATTAGA","1"
"cele-007-003.AAGCTGACCT","2"
"cele-007-003.AACGGACCAA","1"
"cele-007-003.CGATCATTAC","10"
"cele-007-003.CGAGCTGCCA","3"
"cele-007-004.TCTGCGCGTT","0"
"cele-007-004.AGCGGTAACG","9"
"cele-007-004.ACGAAGAAGC","9"
"cele-007-004.TTCGCTGCCT","10"
"cele-007-004.CTCTGATCAG","9"
"cele-007-004.ACCTCTATCT","2"
"cele-007-004.GACGACCTGC","0"
"cele-007-004.ACGATACCGG","1"
"cele-007-006.CCGAATCCGA","2"
"cele-007-006.CAACCTATAT","3"
"cele-007-007.ACCAGCCTTA","3"
"cele-007-007.AGCGGTAACG","3"
"cele-007-007.ACGCTTCTCT","9"
"cele-007-007.CGCGTACGAC","8"
"cele-007-007.GGTCCAGGAG","0"
"cele-007-008.AGGTAATTCC","11"
"cele-007-008.CCTACGGCAA","2"
"cele-007-008.GGCTGCCTTA","7"
"cele-007-008.CTGATTAAGA","6"
"cele-007-008.CCTAGCGCCT","1"
"cele-007-008.AACTTATAAG","2"
"cele-007-009.GTTCCGACGA","1"
"cele-007-009.CTCTTCAAGC","1"
"cele-007-009.TATGCCGAGT","3"
"cele-007-011.CGGATGAAGG","11"
"cele-007-011.GCAACTGGCA","2"
"cele-007-011.CCTATAAGCT","10"
"cele-007-011.CATAGTTCGG","2"
"cele-007-011.GCTCATATGC","11"
"cele-007-012.TTAACGTACC","0"
"cele-007-016.AGCGATCCGC","0"
"cele-007-016.TGATAGAACG","10"
"cele-007-016.CAACCTATAT","0"
"cele-007-017.CCGTTGACTT","10"
"cele-007-017.GGTCGCCGCT","4"
"cele-007-018.GATATGGTCT","4"
"cele-007-019.TCCTTACCAA","0"
"cele-007-020.AAGACGGCCA","4"
"cele-007-020.AGCGGTAACG","9"
"cele-007-021.CTGCTTCGAC","7"
"cele-007-021.TCTGACGAGG","6"
"cele-007-023.TCTATCGGTA","0"
"cele-007-023.TCTACCATTA","5"
"cele-007-024.TCGTAGAGAA","4"
"cele-007-024.GACCTCTCTG","0"
"cele-007-024.AACGCTATTA","2"
"cele-007-026.GGAACGATGG","1"
"cele-007-026.CCGGAGTTGC","3"
"cele-007-026.AACCTCAAGA","1"
"cele-007-026.GGCTGCCTTA","1"
"cele-007-026.CGGAGATCCG","12"
"cele-007-026.ACTATCCGCA","1"
"cele-007-026.GGATCTGCAG","1"
"cele-007-027.CTGGTTGGTT","7"
"cele-007-027.GGCTTGCCAA","0"
"cele-007-028.GACTAGTCTA","12"
"cele-007-028.TGCGCCATCT","2"
"cele-007-029.ACGCAACTCC","2"
"cele-007-029.AATGCCAAGA","7"
"cele-007-030.GGTCGCCGCT","0"
"cele-007-031.CTGCAATCGC","0"
"cele-007-031.TCATCTCGAT","11"
"cele-007-032.TTCATAATGG","0"
"cele-007-033.AGCTTACGAA","5"
"cele-007-034.ACTCGACGCC","0"
"cele-007-034.GCGACGCCTT","12"
"cele-007-034.GATATCGGCG","0"
"cele-007-034.ACCTGGACGC","2"
"cele-007-034.GTATTAAGTT","10"
"cele-007-035.TCGCGTACTT","0"
"cele-007-035.TCCGCCTACT","7"
"cele-007-035.GTCGACGGAA","6"
"cele-007-036.AGGTCAATTA","5"
"cele-007-036.GCAACTGGCA","3"
"cele-007-036.ACGCAACTCC","1"
"cele-007-036.AGCGGTAACG","1"
"cele-007-036.CCATTCGTAA","4"
"cele-007-036.CCTTACTCCT","10"
"cele-007-036.TAGTCGTCCA","9"
"cele-007-036.CGGTAGGAAT","1"
"cele-007-036.CCGCTATATT","2"
"cele-007-038.ACTCGACGCC","7"
"cele-007-038.CTGCAATCGC","1"
"cele-007-038.AACTGCTGCC","3"
"cele-007-038.ACGGTCTTGC","1"
"cele-007-038.TGATACGAGT","0"
"cele-007-038.TCGAGGAGTA","10"
"cele-007-038.CTACGGTAGC","6"
"cele-007-039.TGATAGAACG","2"
"cele-007-039.ACTACTGAAG","7"
"cele-007-039.TTGGTCATAA","0"
"cele-007-039.CGTATTGAGA","2"
"cele-007-040.CATTATTACC","0"
"cele-007-041.AGGTCAATTA","2"
"cele-007-041.ACTTCCGAAT","0"
"cele-007-042.AATCATACGG","1"
"cele-007-042.TTAATTATTG","6"
"cele-007-042.AGTTGCATCT","1"
"cele-007-042.TGCGCGATGC","4"
"cele-007-042.CGAGTTAGAG","4"
"cele-007-042.CGGCGCTGGC","2"
"cele-007-042.GTCGACGGAA","7"
"cele-007-043.GTCATTGCGC","1"
"cele-007-043.AGTCGAGTTC","1"
"cele-007-043.CGGATAGGTA","8"
"cele-007-043.CCGATCAGCC","9"
"cele-007-044.ACTCGACGCC","5"
"cele-007-044.ATCTAGGTTC","1"
"cele-007-044.ACTGGTAGAT","2"
"cele-007-044.TTCGTTCCAT","1"
"cele-007-044.ACCATAGCGC","0"
"cele-007-044.CAGGCTAAGA","7"
"cele-007-044.GACGACCTGC","9"
"cele-007-045.TCGCAATTAG","0"
"cele-007-045.AACTTATAAG","2"
"cele-007-046.ACTAATTGAG","4"
"cele-007-046.CGGTCGTTAA","0"
"cele-007-047.TCCGGTAATC","11"
"cele-007-047.CTTGCAGTAG","1"
"cele-007-047.TTCATAATGG","0"
"cele-007-048.GCGGTTATTG","8"
"cele-007-048.TTCGTTCCAT","3"
"cele-007-048.CATAACCAGC","4"
"cele-007-049.TCCTCGAGTC","1"
"cele-007-049.TATCCTCAAT","0"
"cele-007-050.AGGATTACCA","5"
"cele-007-050.GATAAGGCAA","1"
"cele-007-051.GAGGCTTATT","1"
"cele-007-051.AATCAGCTGC","2"
"cele-007-051.AATACGCAGG","3"
"cele-007-052.CAGCGCATCC","5"
"cele-007-052.AGGAGATTGA","1"
"cele-007-052.CCGTATCTGG","6"
"cele-007-052.TGGAGAATTC","3"
"cele-007-053.TTAACGTACC","3"
"cele-007-054.CCTTACTCCT","12"
"cele-007-054.TGGCCGGCCT","9"
"cele-007-055.CGAATAATTC","10"
"cele-007-055.AGATCCTATA","5"
"cele-007-057.ACTACTGAAG","2"
"cele-007-058.CAGCGATAGA","4"
"cele-007-058.CAGATTCGAT","1"
"cele-007-059.CAACTTGGAT","9"
"cele-007-059.AATAATACCA","1"
"cele-007-059.ATCTGCCAAT","0"
"cele-007-060.GTTACGCAAG","6"
"cele-007-060.TATATGAAGT","3"
"cele-007-060.CTGCTTCGAC","2"
"cele-007-060.TTAGCAATAA","0"
"cele-007-060.TGCGCGATGC","8"
"cele-007-060.GCCGGTCGAG","9"
"cele-007-060.AACGCTATTA","7"
"cele-007-060.TTGGAGCTCA","2"
"cele-007-061.AAGCATCCTA","2"
"cele-007-062.GCTCCATTCG","1"
"cele-007-062.ACGACCAATA","2"
"cele-007-062.GGCTATGACT","1"
"cele-007-063.CTGCAATCGC","1"
"cele-007-063.AGCAAGTAGT","4"
"cele-007-063.ACTTCCGAAT","2"
"cele-007-064.TTATCGTATT","1"
"cele-007-064.GTATCATCGA","2"
"cele-007-065.CCTATAAGCT","5"
"cele-007-065.TTAGCAATAA","3"
"cele-007-066.GATGATCGTA","1"
"cele-007-066.TTATTAGTAG","5"
"cele-007-067.TTCTCTACTA","1"
"cele-007-067.CATGCATCTC","7"
"cele-007-068.TTCCATGGCA","7"
"cele-007-068.GATTGCAGAC","5"
"cele-007-069.ATATGAGCCA","2"
"cele-007-069.TCGCAATTAG","6"
"cele-007-069.CAGGCTAAGA","12"
"cele-007-069.GATATGGTCT","5"
"cele-007-069.ACCTCTATCT","10"
"cele-007-069.TCTAGTCAAG","3"
"cele-007-070.GTTGAACGCA","3"
"cele-007-070.CGACTTGGCG","5"
"cele-007-070.TTCGTTCCAT","1"
"cele-007-070.AGCTGCAATA","2"
"cele-007-071.ATCCATCAGG","1"
"cele-007-071.ATCGTATCAA","0"
"cele-007-071.CCAGTCCTCT","2"
"cele-007-071.GCGACGCAGA","0"
"cele-007-071.ACGCGTATCG","9"
"cele-007-072.CTGATCGACC","1"
"cele-007-072.GTTGACGGCC","6"
"cele-007-073.GCGACGCCTT","9"
"cele-007-073.TCTATAAGGA","6"
"cele-007-073.ATTGAGATTG","0"
"cele-007-073.GTTCCGACGA","2"
"cele-007-073.ACCTGGACGC","3"
"cele-007-073.AACCTCAAGA","2"
"cele-007-073.AATACGCAGG","0"
"cele-007-073.GCCAGGATCA","0"
"cele-007-073.GGACTCATTG","0"
"cele-007-073.CGATTGGTTA","7"
"cele-007-074.GTTCCGACGA","0"
"cele-007-074.CCGTCGGAGG","1"
"cele-007-074.CTCCGGTTCT","0"
"cele-007-074.TTGAATTATA","1"
"cele-007-074.GCCAGGATCA","6"
"cele-007-075.TCGGCGTCGT","2"
"cele-007-075.ACCGACCTCA","3"
"cele-007-075.GTACTAGTAA","5"
"cele-007-075.TATCCTCAAT","1"
"cele-007-075.TCTCCTATAA","1"
"cele-007-075.TGGTCTACGT","5"
"cele-007-076.TCAGGACTTA","0"
"cele-007-077.AATCTGGAGT","2"
"cele-007-077.CCATTCGTAA","2"
"cele-007-077.CATAACCAGC","6"
"cele-007-078.TTCTATAGAG","1"
"cele-007-078.AACCTCAAGA","1"
"cele-007-078.GGCTCCTCGT","0"
"cele-007-078.GGACGGAGCC","2"
"cele-007-079.AGTCGAGAAG","2"
"cele-007-079.CTTCGGCGCA","0"
"cele-007-079.CGATCCTGGA","3"
"cele-007-079.CTATTAACCA","0"
"cele-007-079.GGATTGACTC","8"
"cele-007-079.CTTCATTAGA","1"
"cele-007-079.AGATCCTATA","1"
"cele-007-079.TGGACTTGAC","0"
"cele-007-080.AGGTCAATTA","2"
"cele-007-080.TCTATCGGTA","0"
"cele-007-080.CCAGGCTCTT","3"
"cele-007-080.CCGTATCTGG","0"
"cele-007-080.AGCAAGTAGT","2"
"cele-007-080.TTGCAGCATT","3"
"cele-007-080.CTTCATTAGA","0"
"cele-007-080.GTTCTGAATT","1"
"cele-007-081.TATTACTCAT","0"
"cele-007-081.TTCATAATGG","3"
"cele-007-081.ACCTCTATCT","11"
"cele-007-081.TCATACCGCT","1"
"cele-007-082.TGCCTAACTT","4"
"cele-007-082.GGAGCTGAGG","3"
"cele-007-082.CCAAGCTGAA","9"
"cele-007-083.CTGGATTAGT","8"
"cele-007-083.CGCATCCATC","12"
"cele-007-083.TGGAAGTACC","3"
"cele-007-083.TCTATCGGTA","6"
"cele-007-083.GCTCGAATCA","0"
"cele-007-083.TTCAAGACCA","1"
"cele-007-084.TAAGATAGGT","0"
"cele-007-085.CCGTCCAGTA","1"
"cele-007-085.TTATTAGTAG","11"
"cele-007-085.CTGGCTTCCT","11"
"cele-007-085.TGCGCGATGC","8"
"cele-007-085.CAGCTATCGT","0"
"cele-007-085.AGCTGCAATA","0"
"cele-007-086.CCTAGCGCCT","6"
"cele-007-086.ACCTCTATCT","0"
"cele-007-087.CCGTCGGAGG","1"
"cele-007-087.ACGTTCAACC","3"
"cele-007-087.CGCCTCGAAC","1"
"cele-007-087.ATCTGCCAAT","9"
"cele-007-088.ACTTCCGAAT","2"
"cele-007-088.CAAGTACTGG","0"
"cele-007-088.GTCCAACTCA","0"
"cele-007-088.AACGCCTCTA","4"
"cele-007-089.CATGACTCAA","7"
"cele-007-089.GGACTACTAC","1"
"cele-007-089.ACTATCTTGA","0"
"cele-007-089.ACCGCAGAAT","0"
"cele-007-089.GATCAGTCAT","5"
"cele-007-089.GGCTATGACT","10"
"cele-007-089.ATCCGTTAGC","0"
"cele-007-090.AAGTTACCTA","3"
"cele-007-090.TCTCCTATAA","5"
"cele-007-091.ACTCTCTCAA","0"
"cele-007-091.CTGCAATCGC","2"
"cele-007-091.TTGAATTATA","2"
"cele-007-091.AATATTCGAA","0"
"cele-007-091.TTGGTCATAA","2"
"cele-007-092.GCTCTCGCCT","6"
"cele-007-092.TGACCGAATC","1"
"cele-007-092.ATCTAAGCAA","3"
"cele-008-001.GACCTGGAAT","5"
"cele-008-002.TTGCAGCATT","4"
"cele-008-002.CCATAAGTCC","1"
"cele-008-002.GAACTGCATC","7"
"cele-008-002.ATGGAAGCAT","0"
"cele-008-002.TATCGTCGGC","0"
"cele-008-002.AGTTGCATCT","1"
"cele-008-002.ATCTGCCAAT","2"
"cele-008-003.TCGATATTGA","2"
"cele-008-003.ATCTGCCAAT","7"
"cele-008-004.AATACGCAGG","5"
"cele-008-004.ATGCTCGCAA","0"
"cele-008-006.AAGCATCCTA","1"
"cele-008-006.AGACTCAAGC","4"
"cele-008-006.GTTGACGGCC","6"
"cele-008-006.AACGAGGCTA","1"
"cele-008-007.CGAATAGATG","11"
"cele-008-007.ACCGACCTCA","5"
"cele-008-007.TCTATAAGGA","1"
"cele-008-007.CATACGATGC","1"
"cele-008-007.ACGATAGACT","0"
"cele-008-007.TCTAGTCAAG","0"
"cele-008-008.AACTGCTGCC","0"
"cele-008-008.CGACTTGGCG","2"
"cele-008-008.GACCAATGCG","2"
"cele-008-008.ACGATACCGG","12"
"cele-008-008.ATTAACTTAA","2"
"cele-008-008.GTATTAAGTT","0"
"cele-008-010.GGATTCTATC","12"
"cele-008-010.ACGCTTCTCT","8"
"cele-008-010.TTCTCTGAGA","0"
"cele-008-010.GACCTCCGCC","3"
"cele-008-011.AAGCCGGCTG","9"
"cele-008-011.GGTCGCTATG","6"
"cele-008-011.GGCAATGAGA","1"
"cele-008-012.GGAGCGGCCG","8"
"cele-008-012.TGCCGCCGAT","0"
"cele-008-012.ACGATAGACT","2"
"cele-008-013.CATGACTCAA","5"
"cele-008-013.TCTATCGGTA","3"
"cele-008-013.GTATCATCGA","0"
"cele-008-013.GTAGATCGTT","6"
"cele-008-013.GCAGCGGACT","7"
"cele-008-013.GGCTTCTGGA","1"
"cele-008-013.CCAGTCCTCT","4"
"cele-008-013.CATAGTTCGG","0"
"cele-008-014.TGATTCAACT","9"
"cele-008-015.AACTGATCTT","0"
"cele-008-015.CCATCGGACC","12"
"cele-008-015.GCTAACCTCA","0"
"cele-008-016.TTATCGTATT","1"
"cele-008-016.GGCTCCTCGT","1"
"cele-008-017.CCGGCGGCGA","2"
"cele-008-017.GACCAATGCG","3"
"cele-008-017.TGGTCCAGTC","1"
"cele-008-018.GTTACGCAAG","4"
"cele-008-018.GCAGCGGACT","1"
"cele-008-018.AATACCAGTT","1"
"cele-008-018.TGAACGGTAA","8"
"cele-008-018.GCTCATATGC","6"
"cele-008-019.AAGCTGACCT","1"
"cele-008-020.ACTTAACTAG","0"
"cele-008-020.TCGTAGGCTT","1"
"cele-008-020.TAACGAATTG","5"
"cele-008-021.AGATCCTATA","4"
"cele-008-022.GACCTCTCTG","0"
"cele-008-023.CGCCGCCTCC","10"
"cele-008-023.CGGCGAGACC","2"
"cele-008-024.CGATCCTGGA","2"
"cele-008-024.GCGGTTATTG","1"
"cele-008-024.TACTTACTTA","1"
"cele-008-024.CTTCAGCTTC","2"
"cele-008-024.ATTCTCCTCT","5"
"cele-008-024.GGCCTCCATT","1"
"cele-008-025.CGACTTGGCG","0"
"cele-008-025.ACTATCCGCA","5"
"cele-008-026.ATATGAGCCA","2"
"cele-008-026.AGCTAAGGTA","0"
"cele-008-026.GGCTCCTCGT","6"
"cele-008-027.CGAATGAGCT","0"
"cele-008-028.TCGTAGCATC","2"
"cele-008-028.AATTGAGAGA","2"
"cele-008-030.CATGACTCAA","3"
"cele-008-031.CCGCGATTAT","0"
"cele-008-031.CTGCAATCGC","2"
"cele-008-031.CAAGCAACTG","11"
"cele-008-032.GCGTCTATTC","1"
"cele-008-035.GAAGGTTGCC","7"
"cele-008-035.TACTTACTTA","2"
"cele-008-036.AATATTCGAA","8"
"cele-008-036.ATCTGCCAAT","1"
"cele-008-037.TAGTACTATC","5"
"cele-008-038.TCTATCGGTA","0"
"cele-008-038.ATCGTATCAA","2"
"cele-008-038.ACCTGGACGC","7"
"cele-008-038.TCATCTAATC","6"
"cele-008-038.GCTCATATGC","11"
"cele-008-039.GAGGCGGAAT","11"
"cele-008-041.TCATACCGCT","8"
"cele-008-042.ACTGGTAGAT","1"
"cele-008-043.GCGACGCCTT","2"
"cele-008-044.TTAGATTCCG","0"
"cele-008-044.ATCCGTTAGC","9"
"cele-008-045.CTGAAGAGAC","1"
"cele-008-045.TCCGGTAATC","1"
"cele-008-045.CCGCTAGCTG","1"
"cele-008-045.ACGATACCGG","1"
"cele-008-047.ATTCTCCTCT","4"
"cele-008-048.CAGGCGCCAT","5"
"cele-008-049.TTCGCTGCCT","4"
"cele-008-049.CTGGCTTCCT","2"
"cele-008-050.GTTACGCAAG","1"
"cele-008-051.GGCCAGTCCG","8"
"cele-008-051.CTGATCGACC","11"
"cele-008-052.CAGCGATAGA","8"
"cele-008-052.CGCGTACGAC","1"
"cele-008-052.CGGCGCTGGC","12"
"cele-008-052.AACTTATAAG","3"
"cele-008-053.TTAACGTACC","1"
"cele-008-053.CTGCAATCGC","7"
"cele-008-053.ATCCTACCTC","2"
"cele-008-053.AGTTGCATCT","2"
"cele-008-053.ACTGGATGCT","11"
"cele-008-054.CTGCAATCGC","0"
"cele-008-055.ATGGATCCGA","6"
"cele-008-055.ACTGGATGCT","2"
"cele-008-056.AGTCCGCGGA","2"
"cele-008-056.CATCCGACTA","3"
"cele-008-056.AACCTAGCTT","2"
"cele-008-056.CGAAGGACGA","1"
"cele-008-056.TCGATATTGA","1"
"cele-008-056.CTTCATTAGA","0"
"cele-008-056.AACGAGGCTA","1"
"cele-008-058.ATGCAATATG","2"
"cele-008-058.AGCTAAGAAT","5"
"cele-008-058.TCAGGACTTA","3"
"cele-008-059.CAGCGCATCC","6"
"cele-008-059.AGGTAATAGG","0"
"cele-008-060.AATTATCAGC","2"
"cele-008-060.TCTACCATTA","0"
"cele-008-060.TATCGTCGGC","1"
"cele-008-060.CTACGGTAGC","0"
"cele-008-061.GGATATAATA","9"
"cele-008-061.TTATAAGAAC","11"
"cele-008-062.ACGCCGTTCA","4"
"cele-008-064.TATTACTCAT","2"
"cele-008-064.AACCTAGCTT","9"
"cele-008-064.AGCTAAGAAT","1"
"cele-008-064.TTGCTGCGCC","7"
"cele-008-065.GGCATAGCTT","2"
"cele-008-065.CGCCAATCAA","5"
"cele-008-065.GCGACGCAGA","3"
"cele-008-065.ATGGAATTGG","8"
"cele-008-066.ATATGAGCCA","5"
"cele-008-069.CGCCAATCAA","2"
"cele-008-069.GGAGTAAGCC","0"
"cele-008-069.GTATTAAGTT","4"
"cele-008-070.CTATTAACCA","2"
"cele-008-070.AGGTCTATGG","6"
"cele-008-071.CTCCGGTTCT","6"
"cele-008-071.CTTGCATAAT","5"
"cele-008-071.CTGAACTGGT","7"
"cele-008-071.GCGGAGTCGA","2"
"cele-008-071.AATATTCGAA","6"
"cele-008-072.CGCCAGGCAT","2"
"cele-008-072.TTGGACGCTG","2"
"cele-008-072.ATCTAAGCAA","2"
"cele-008-072.TGGAGAATTC","5"
"cele-008-073.ACGATAAGCG","6"
"cele-008-073.CGGATAGGTA","5"
"cele-008-073.ACTCTACTGG","1"
"cele-008-074.TCCTCGAGTC","11"
"cele-008-074.CCAGGCTCTT","8"
"cele-008-074.AGGATTACCA","1"
"cele-008-074.GCTCATATGC","2"
"cele-008-075.TATATGAAGT","4"
"cele-008-075.GTATTAAGTT","4"
"cele-008-076.TCTCTCATCC","4"
"cele-008-077.AAGTCGCGCG","6"
"cele-008-077.CGGATAGGTA","6"
"cele-008-077.CAGATTCGAT","1"
"cele-008-078.GTATCATCGA","2"
"cele-008-078.TTGGACGCTG","10"
"cele-008-078.ATGCTCGCAA","0"
"cele-008-079.TTATTATGGT","1"
"cele-008-079.CAGCAGTATC","3"
"cele-008-080.GGTAGGTCTC","1"
"cele-008-080.GCGACGCCTT","0"
"cele-008-080.CGAATTCGTT","0"
"cele-008-080.ATCTCCTACG","0"
"cele-008-080.ACTATCCGCA","8"
"cele-008-081.CCGAATCCGA","2"
"cele-008-081.GATGCTACGA","9"
"cele-008-081.TATAACTTCC","1"
"cele-008-081.AGAGAACTTG","9"
"cele-008-082.CAACTTGGAT","1"
"cele-008-082.AATGAATAGT","3"
"cele-008-082.AGGATTACCA","8"
"cele-008-082.TCAGCTCTAA","8"
"cele-008-082.TTAGCAATAA","4"
"cele-008-083.TCTATCGGTA","0"
"cele-008-083.GGCTATGACT","1"
"cele-008-083.CCGCTAGCTG","4"
"cele-008-084.AGCTAAGAAT","9"
"cele-008-084.CGAAGGCATG","2"
"cele-008-084.ACGCGTATCG","2"
"cele-008-085.TGATACGAGT","9"
"cele-008-085.AATTATCAGC","2"
"cele-008-086.GTTCCGCTAA","10"
"cele-008-087.TCATCTCGAT","0"
"cele-008-088.AAGAAGTTCA","10"
"cele-008-088.GTTGAAGGAT","2"
"cele-008-088.GTCGCTCAGT","1"
"cele-008-089.CCGCGATTAT","2"
"cele-008-089.GGTCGCTATG","10"
"cele-008-090.AAGAAGTTCA","5"
"cele-008-090.CTACGACGAG","4"
"cele-008-090.ACGCGTATCG","0"
"cele-008-090.AGCTGCAATA","2"
"cele-008-091.CATGACTCAA","1"
"cele-008-091.CAAGCAACTG","6"
"cele-008-091.CGGCGCTGGC","9"
"cele-008-092.TTCAAGAATC","7"
"cele-008-092.CCGTCCAGTA","5"
"cele-008-092.CAAGTCGACC","0"
"cele-008-092.CGCGTACGAC","9"
"cele-008-092.CGCAATATCA","2"
"cele-009-001.AACCTCAAGA","0"
"cele-009-001.GTATTAAGTT","5"
"cele-009-002.AACGTAATCT","0"
"cele-009-002.GCAAGGAATA","2"
"cele-009-002.ACTAATTGAG","9"
"cele-009-002.TAGTACTATC","9"
"cele-009-003.AGTTCGAGTA","10"
"cele-009-003.TCCGCCTACT","3"
"cele-009-004.AAGTTACCTA","2"
"cele-009-004.CTGAACTGGT","2"
"cele-009-004.ACGATACCGG","6"
"cele-009-004.GACCTGGAAT","1"
"cele-009-005.TGATGGCCTT","0"
"cele-009-005.GCCGTCGCGT","1"
"cele-009-005.AGATATATCG","2"
"cele-009-005.AACTACCGAC","6"
"cele-009-006.GCCGGTCGAG","0"
"cele-009-007.TTAGATTCCG","4"
"cele-009-007.AGCAAGTAGT","0"
"cele-009-007.GGACGGAGCC","11"
"cele-009-008.ACGTTGAATG","5"
"cele-009-009.AATCATACGG","6"
"cele-009-009.TATTCGATCT","1"
"cele-009-009.ACCTCTATCT","10"
"cele-009-010.ATCTCCTACG","12"
"cele-009-010.TTATTAGTAG","10"
"cele-009-010.AATTATCAGC","2"
"cele-009-010.TTGCTGCGCC","9"
"cele-009-010.CGTATTGAGA","1"
"cele-009-011.CGTATTGAGA","6"
"cele-009-012.TCATCTAATC","0"
"cele-009-012.TGGTATTCAT","2"
"cele-009-012.TTGCTGCGCC","0"
"cele-009-012.CCTGAGAGCA","4"
"cele-009-013.CCATCGGACC","0"
"cele-009-014.ACCGTTACGA","4"
"cele-009-014.CAACCTATAT","6"
"cele-009-015.CAGCGCATCC","0"
"cele-009-015.ACTGGATGCT","0"
"cele-009-016.TGCCAGATGG","1"
"cele-009-017.ATCGTATCAA","5"
"cele-009-017.GTATCATCGA","9"
"cele-009-017.CCAGGCTCTT","7"
"cele-009-017.GGCTGCCTTA","4"
"cele-009-017.TTGCTGCGCC","0"
"cele-009-017.CAGGCTAAGA","2"
"cele-009-018.ATGGCGGATC","5"
"cele-009-018.AACCTCAAGA","1"
"cele-009-018.CCATCGGACC","1"
"cele-009-019.TATGGCCGCG","3"
"cele-009-019.CGAAGGACGA","2"
"cele-009-019.TGAGACTCTA","2"
"cele-009-020.TGGAAGTACC","0"
"cele-009-020.GGACGGAGCC","1"
"cele-009-021.CCAGGCCGCA","0"
"cele-009-021.ATGCTCGCAA","1"
"cele-009-021.AATATTCGAA","2"
"cele-009-021.TGCGAAGATC","7"
"cele-009-022.TATTCCGTTA","1"
"cele-009-022.AATGGTCGAC","2"
"cele-009-022.ACGATACCGG","5"
"cele-009-022.GATAAGGCAA","11"
"cele-009-022.AACTTATAAG","8"
"cele-009-023.ACTCTCTCAA","3"
"cele-009-023.CTTCGGCGCA","0"
"cele-009-023.GAGGCTTATT","1"
"cele-009-023.CGGAGATCCG","10"
"cele-009-024.TGAGTCCAGA","3"
"cele-009-024.ATATGAGCCA","4"
"cele-009-024.TATTACTCAT","12"
"cele-009-024.TTAATTATTG","8"
"cele-009-024.AAGCTGACCT","0"
"cele-009-024.AAGCCGGCTG","1"
"cele-009-024.CGAATGAGCT","10"
"cele-009-024.TGGAGAATTC","4"
"cele-009-024.ATTCAGGTAC","5"
"cele-009-025.AATACGCAGG","0"
"cele-009-026.GGATTCTATC","9"
"cele-009-026.GAATCGACGT","1"
"cele-009-026.AGGAGATTGA","3"
"cele-009-026.CTTCATTAGA","3"
"cele-009-027.TTCGATAACC","7"
"cele-009-027.TTCATAATGG","1"
"cele-009-028.AGCCGGTACC","1"
"cele-009-028.CCTACGGCAA","7"
"cele-009-028.AATCAGCTGC","3"
"cele-009-028.TCTAGAACTA","12"
"cele-009-028.GGTCCAGGAG","1"
"cele-009-029.TCCGGTAATC","1"
"cele-009-030.CTCGGTCAAT","7"
"cele-009-030.TGATTCAACT","1"
"cele-009-030.TGGTCCAGTC","0"
"cele-009-030.TGGTCTACGT","8"
"cele-009-031.CATCCGACTA","1"
"cele-009-031.GCTCATATGC","8"
"cele-009-032.TATAGTAAGC","1"
"cele-009-033.ACTGAATTCC","2"
"cele-009-033.TACGGCTACG","4"
"cele-009-034.CGGCAGAGGA","0"
"cele-009-034.CCGCAAGTTC","11"
"cele-009-034.GCGTCTATTC","0"
"cele-009-034.CGCGTACGAC","1"
"cele-009-034.GGCGAGCTTA","4"
"cele-009-034.CGAGCTGCCA","0"
"cele-009-035.GGTTGGCGAC","3"
"cele-009-035.TATATGAAGT","2"
"cele-009-035.ACGACCAATA","5"
"cele-009-035.AACGCTATTA","1"
"cele-009-037.ACGCAACTCC","4"
"cele-009-037.GATCAGTCAT","2"
"cele-009-037.CAGATTCGAT","1"
"cele-009-037.AATAATACCA","0"
"cele-009-038.CCGCGGCTCA","0"
"cele-009-038.GGAGCTGAGG","7"
"cele-009-038.TGAGACTCTA","5"
"cele-009-039.GTTCTGAATT","4"
"cele-009-039.CATGCATCTC","0"
"cele-009-040.CAGCTATCGT","11"
"cele-009-041.CGACTACCAA","9"
"cele-009-041.TTGGTCATAA","1"
"cele-009-042.ATGCCGGACG","7"
"cele-009-042.ACTAATTGAG","3"
"cele-009-042.TTATAAGAAC","11"
"cele-009-043.CTGATCGACC","6"
"cele-009-043.AATTATCAGC","1"
"cele-009-043.ACGATACCGG","9"
"cele-009-044.CATCCGACTA","9"
"cele-009-044.GCTAACCTCA","2"
"cele-009-045.AGGAGATTGA","4"
"cele-009-046.GGATTCTATC","2"
"cele-009-046.CCTTACTCCT","6"
"cele-009-046.CTCTTAGCGG","3"
"cele-009-047.AATCCGGTCA","0"
"cele-009-048.CATGAGAACT","7"
"cele-009-048.TTGGTAGGCG","3"
"cele-009-048.GACCTCCGCC","10"
"cele-009-049.AATATTCGAA","10"
"cele-009-050.TTAATAGTTC","2"
"cele-009-051.GCAACTGGCA","1"
"cele-009-052.GGCTTCTGGA","3"
"cele-009-052.AGAGAACTTG","0"
"cele-009-053.GGTAGGTCTC","9"
"cele-009-053.CGATCCTGGA","9"
"cele-009-053.CTCGTCTAGG","6"
"cele-009-053.TTGCTGCGCC","1"
"cele-009-053.CTCTTAGCGG","3"
"cele-009-054.ATGCAATATG","1"
"cele-009-054.CAACCGGATC","0"
"cele-009-054.ATACGCCGCC","0"
"cele-009-054.ACGTTCAACC","6"
"cele-009-054.CTGATACGTC","10"
"cele-009-054.TGGCCGGCCT","11"
"cele-009-055.CCGTCCAGTA","2"
"cele-009-055.GCGACGCCTT","10"
"cele-009-055.AGGAGATTGA","7"
"cele-009-055.GGAGTAAGCC","7"
"cele-009-055.ATCTAAGCAA","1"
"cele-009-055.GGCTCCTCGT","0"
"cele-009-057.GATAAGGCAA","9"
"cele-009-057.ATCTGCCAAT","7"
"cele-009-058.AAGCATCCTA","9"
"cele-009-059.TTATCGTATT","3"
"cele-009-059.AATTGCCTAC","3"
"cele-009-059.CCAGGCTCTT","5"
"cele-009-059.TTCGATAACC","1"
"cele-009-059.CCAGTCCTCT","2"
"cele-009-059.AAGTAGACTA","3"
"cele-009-059.ATAAGCCGGA","7"
"cele-009-059.TAGGCAGATA","7"
"cele-009-060.ACCGACCTCA","6"
"cele-009-060.CCGGAGTTGC","4"
"cele-009-060.TGCCTAACTT","3"
"cele-009-060.GTTGAAGGAT","0"
"cele-009-060.GGAGCGGCCG","1"
"cele-009-060.TGGCGTAGGT","3"
"cele-009-060.CTTCATTAGA","7"
"cele-009-060.CATGCATCTC","3"
"cele-009-061.AAGTTGCCAT","8"
"cele-009-061.TTCTCTACTA","2"
"cele-009-061.TTCATAATGG","0"
"cele-009-061.TGGAGAATTC","1"
"cele-009-062.CTTGCGGTCT","8"
"cele-009-062.GACCTGGAAT","2"
"cele-009-063.CCGTATCTGG","4"
"cele-009-063.TTCAAGACCA","7"
"cele-009-064.CGGCAGAGGA","1"
"cele-009-064.AAGACGGCCA","2"
"cele-009-064.CCGCGCTATA","5"
"cele-009-064.AATCGAACTC","3"
"cele-009-064.ACTACTGAAG","1"
"cele-009-064.AATGGTCGAC","0"
"cele-009-064.GGCCTCCATT","0"
"cele-009-065.TCTCTCATCC","1"
"cele-009-065.TTAATTATTG","3"
"cele-009-065.CAGGCTAAGA","0"
"cele-009-065.TGCGAAGATC","5"
"cele-009-066.CTATTAACCA","0"
"cele-009-066.ATAGTCGTAG","1"
"cele-009-066.CCATAAGTCC","8"
"cele-009-067.GGATTGACTC","1"
"cele-009-067.ACGTTGAATG","8"
"cele-009-067.ATGGATCCGA","0"
"cele-009-067.TCATCTCGAT","0"
"cele-009-068.CGAATAATTC","2"
"cele-009-068.AGACTCAAGC","12"
"cele-009-068.TTAGAGCAAC","4"
"cele-009-069.ACCGACCTCA","2"
"cele-009-069.CTGATTAAGA","4"
"cele-009-069.TACGGCTACG","1"
"cele-009-069.TAGGCAGATA","1"
"cele-009-070.TTATTAGTAG","2"
"cele-009-071.AAGAAGTTCA","4"
"cele-009-071.TATAACTTCC","0"
"cele-009-072.GCAGACCGGT","2"
"cele-009-073.GCCTGATATA","8"
"cele-009-073.ACTAATTGAG","2"
"cele-009-073.CCAGTCCTCT","1"
"cele-009-073.ACGCGCTCCT","0"
"cele-009-073.CTCTTCAAGC","2"
"cele-009-073.AAGATCCAAC","3"
"cele-009-074.CGAATTCGTT","2"
"cele-009-074.GCCTCAGCAT","8"
"cele-009-074.ATCTCCTACG","10"
"cele-009-074.AGGAGATTGA","9"
"cele-009-074.TGGACTTGAC","3"
"cele-009-075.TTAGGATCTA","7"
"cele-009-075.GGACTCATTG","2"
"cele-009-075.TGCGCGATGC","1"
"cele-009-075.ATCCGTTAGC","4"
"cele-009-076.ACCAGCGCAG","11"
"cele-009-076.AGTCCGCGGA","7"
"cele-009-076.GGCAATGAGA","0"
"cele-009-076.GCGCTCGACG","7"
"cele-009-077.AAGCATCCTA","1"
"cele-009-077.TGGTCTACGT","2"
"cele-009-078.TTAGGATCTA","2"
"cele-009-079.ACGCCGTTCA","3"
"cele-009-079.CCGCGGCTCA","0"
"cele-009-079.CGAGCTGCCA","1"
"cele-009-079.TATGCCGAGT","4"
"cele-009-080.CAACCAGTAC","3"
"cele-009-080.CTTGCGGTCT","1"
"cele-009-080.TTGGCCTATA","6"
"cele-009-080.CCAGTCCTCT","0"
"cele-009-080.TAGTACTATC","0"
"cele-009-080.TGGCCATGCA","0"
"cele-009-081.TGATAATAGC","0"
"cele-009-081.CTTCCAAGAA","1"
"cele-009-082.CGCCAGGCAT","4"
"cele-009-082.TCTCTCATCC","10"
"cele-009-082.TGCCTAACTT","1"
"cele-009-082.CAGCGATAGA","0"
"cele-009-082.ATAGGATATG","1"
"cele-009-082.ACGAGGACCT","0"
"cele-009-083.TCCAGAAGGT","9"
"cele-009-083.TGAGACTCTA","1"
"cele-009-084.TAGCTGCTAC","0"
"cele-009-084.CATCCGACTA","0"
"cele-009-084.TGATTCAACT","0"
"cele-009-086.TCCTTACCAA","7"
"cele-009-086.CATGCTGGTT","2"
"cele-009-086.TGATTCCTCA","7"
"cele-009-087.ACGTTGAATG","0"
"cele-009-087.CGCGTACGAC","1"
"cele-009-088.ACCAGCGCAG","4"
"cele-009-088.AGGAGATTGA","9"
"cele-009-088.TCGCGTACTT","2"
"cele-009-089.CCATAAGTCC","9"
"cele-009-090.AACCTAGCTT","2"
"cele-009-090.GACCAATGCG","8"
"cele-009-091.CATGCTGGTT","2"
"cele-009-091.TACTTACTTA","1"
"cele-009-091.TGGCGTAGGT","9"
"cele-009-091.ACGACCAATA","1"
"cele-009-091.TGCATATAAC","8"
"cele-009-091.TATAGTAAGC","0"
"cele-009-091.TGGTCCAGTC","3"
"cele-009-092.GGATTCTATC","10"
"cele-009-092.CTGAACTGGT","0"
"cele-010-001.AAGAAGTTCA","3"
"cele-010-001.CAACTTGGAT","2"
"cele-010-001.AACCTCAAGA","3"
"cele-010-001.CAAGCTTCAT","0"
"cele-010-001.GTCCAACTCA","2"
"cele-010-002.GAATCGACGT","7"
"cele-010-002.AGATATATCG","1"
"cele-010-002.TTCTCTGAGA","7"
"cele-010-003.CGATCCTGGA","2"
"cele-010-003.AATACTCTTC","7"
"cele-010-003.CTTGCGGTCT","5"
"cele-010-003.AATACGCAGG","1"
"cele-010-003.CCGCTAGCTG","3"
"cele-010-003.CAGGAGGAGA","1"
"cele-010-004.ATTGAGATTG","1"
"cele-010-004.CCATTCGTAA","0"
"cele-010-004.TACTTACTTA","1"
"cele-010-004.TATAACTTCC","6"
"cele-010-005.AGAGGTCGCA","11"
"cele-010-005.GCTCTAACGA","1"
"cele-010-005.CAGGAGGAGA","7"
"cele-010-006.GATAAGGCAA","3"
"cele-010-006.TCTCCTATAA","2"
"cele-010-007.GCCATCAACT","3"
"cele-010-007.AGGAGATTGA","0"
"cele-010-007.CTCGGAGCAA","0"
"cele-010-007.TCCGGTAATC","1"
"cele-010-007.TTCTCTGAGA","2"
"cele-010-007.ACGATACCGG","10"
"cele-010-008.TTATCGTATT","0"
"cele-010-008.TCGTCAACTT","0"
"cele-010-008.ACTGGTAGAT","2"
"cele-010-008.TATCCTCAAT","3"
"cele-010-009.TTAACGCCGT","5"
"cele-010-009.TTCTCTACTA","5"
"cele-010-009.AAGCTGACCT","2"
"cele-010-009.TATATGAAGT","0"
"cele-010-009.TGGTCCAGTC","6"
"cele-010-010.CCATTCGTAA","0"
"cele-010-010.TAGAATAGCC","10"
"cele-010-011.ATATGAGCCA","5"
"cele-010-011.ACGGTCTTGC","1"
"cele-010-011.ATGCTCGCAA","0"
"cele-010-011.TTCTCTGAGA","11"
"cele-010-011.GGCAATGAGA","2"
"cele-010-012.CCGCTATATT","8"
"cele-010-012.TATAGTAAGC","0"
"cele-010-012.AATATTCGAA","3"
"cele-010-012.AATACTTGCG","9"
"cele-010-013.CGGCGAGACC","8"
"cele-010-013.GCAATTACTC","3"
"cele-010-014.TCGTAGCATC","6"
"cele-010-014.ATAGACTAGG","0"
"cele-010-014.CTCTGCGGCA","1"
"cele-010-015.CGGATGAAGG","9"
"cele-010-015.ACTGAATTCC","1"
"cele-010-015.GTTCCGCTAA","3"
"cele-010-015.ACTCCGCCAA","1"
"cele-010-015.TGATTCCTCA","3"
"cele-010-017.GACCTCTCTG","1"
"cele-010-018.TCTCCTATAA","4"
"cele-010-020.CGAAGGCATG","3"
"cele-010-020.CTTATCCTAC","11"
"cele-010-021.ATTGCGCTGA","2"
"cele-010-021.TTAACGCCGT","3"
"cele-010-021.CAGGTATGGA","1"
"cele-010-022.CCATAAGTCC","3"
"cele-010-023.GGATTGACTC","0"
"cele-010-023.CCGCAGCCGC","0"
"cele-010-024.TATGGCCGCG","9"
"cele-010-024.AGCGTCAATG","7"
"cele-010-024.TTCTACGCCA","2"
"cele-010-024.TGCCTATTAT","1"
"cele-010-025.ATAAGAGGCG","0"
"cele-010-025.ACCGCAGAAT","0"
"cele-010-025.CCAACTAACC","0"
"cele-010-026.TAGGAAGGCA","0"
"cele-010-028.AGGTAATTCC","0"
"cele-010-028.AGCGGTAACG","2"
"cele-010-028.AATACGCAGG","8"
"cele-010-028.GGCTTCTGGA","2"
"cele-010-029.CATGCATCTC","1"
"cele-010-030.CCGTCCAGTA","9"
"cele-010-030.ATCGTATCAA","12"
"cele-010-030.CTGGTTGGTT","10"
"cele-010-030.AACGGACCAA","11"
"cele-010-030.TGCATATAAC","1"
"cele-010-030.AGCTAAGAAT","11"
"cele-010-031.CTGAAGAGAC","11"
"cele-010-031.TGCGCCTGGT","3"
"cele-010-032.ACCTAGTTAG","5"
"cele-010-032.TTGAATTATA","0"
"cele-010-033.CTCTGCGGCA","2"
"cele-010-033.ACTGGTAGAT","6"
"cele-010-033.CCGCTATATT","0"
"cele-010-033.CCGCTAGCTG","3"
"cele-010-034.GCTCTCGCCT","2"
"cele-010-034.TGGAGAATTC","4"
"cele-010-035.TGAGGTAGAA","0"
"cele-010-036.CCGCGATTAT","5"
"cele-010-036.ACTGAATTCC","0"
"cele-010-036.CGAATTCGTT","8"
"cele-010-036.CATGAGAACT","0"
"cele-010-036.CAAGCTTGGC","0"
"cele-010-037.GCAGCGGACT","4"
"cele-010-037.TCGCGTACTT","0"
"cele-010-038.AGTCCGCGGA","1"
"cele-010-038.ATCCTACCTC","0"
"cele-010-039.CTGCAATCGC","1"
"cele-010-041.CGGATGAAGG","4"
"cele-010-041.GTCGACGGAA","7"
"cele-010-042.TAGCTGCTAC","3"
"cele-010-042.GCGACGCCTT","2"
"cele-010-042.CATACGATGC","1"
"cele-010-042.TCGATATTGA","0"
"cele-010-042.CATAGTTCGG","3"
"cele-010-043.ACTCGACGCC","4"
"cele-010-043.CTTGCGGTCT","8"
"cele-010-043.ACGCGCTCCT","3"
"cele-010-045.TACTTACTTA","5"
"cele-010-045.CGCCTCGAAC","6"
"cele-010-045.TTGGAATCTC","3"
"cele-010-045.ACTCCGCCAA","2"
"cele-010-046.ATAGACTAGG","2"
"cele-010-046.CTTGCATAAT","3"
"cele-010-046.AATACTTGCG","4"
"cele-010-046.CTCGATGGAG","8"
"cele-010-047.CCATCGGACC","12"
"cele-010-047.TAGTACTATC","1"
"cele-010-048.TTCTTATCGA","7"
"cele-010-048.GCGCTCGACG","0"
"cele-010-049.TCGATATTGA","0"
"cele-010-050.AACCTAGCTT","1"
"cele-010-050.TCAGGACTTA","3"
"cele-010-051.AAGTCTAATA","0"
"cele-010-052.CGGCGCTGGC","5"
"cele-010-053.TGCCTAACTT","4"
"cele-010-053.CCATTCGTAA","2"
"cele-010-053.CCGTATCTGG","2"
"cele-010-053.CTACGACGAG","0"
"cele-010-054.GGCTATGACT","1"
"cele-010-054.GACCGTAGCA","4"
"cele-010-055.CGGCAGAGGA","2"
"cele-010-055.GCCTGATATA","1"
"cele-010-055.CTGGCTTCCT","3"
"cele-010-056.AACCTCAAGA","1"
"cele-010-057.TCATCTAATC","5"
"cele-010-057.CATAACCAGC","0"
"cele-010-058.CCGCGCTATA","0"
"cele-010-058.TACTTACTTA","9"
"cele-010-058.TGCGCCTGGT","2"
"cele-010-060.AGAGCCAGCC","1"
"cele-010-060.GTTGACGGCC","0"
"cele-010-060.GGACGACGCA","0"
"cele-010-062.ACTAATTGAG","0"
"cele-010-062.AAGCTGACCT","0"
"cele-010-063.ACTCGACGCC","0"
"cele-010-063.CTCGTCTAGG","1"
"cele-010-063.TGGAACTAGA","12"
"cele-010-063.TACTTACTTA","5"
"cele-010-063.TATAACTTCC","0"
"cele-010-064.GGACTACTAC","10"
"cele-010-064.CCGCAAGTTC","2"
"cele-010-064.GTCATTGCGC","6"
"cele-010-064.AACCTCAAGA","2"
"cele-010-065.ACTCGACGCC","5"
"cele-010-065.CGCATCCATC","4"
"cele-010-065.TGGCGTAGGT","5"
"cele-010-065.AGTTGCATCT","2"
"cele-010-065.TGCGCGATGC","7"
"cele-010-066.GATATGGTCT","7"
"cele-010-068.AATTGCCTAC","2"
"cele-010-068.ATAGGATATG","8"
"cele-010-068.TATCCTCAAT","3"
"cele-010-069.AGGTAATTCC","1"
"cele-010-069.GCAGACCGGT","7"
"cele-010-069.TCTCTCATCC","5"
"cele-010-069.AATCAGCTGC","0"
"cele-010-069.TCCGGTAATC","0"
"cele-010-069.TCGATATTGA","3"
"cele-010-069.ACTGGTAGAT","1"
"cele-010-069.ATTCTCCTCT","0"
"cele-010-070.CATGACTCAA","2"
"cele-010-070.TGAGGTAGAA","0"
"cele-010-070.TACCTAATCA","2"
"cele-010-070.TGGCTGATGA","1"
"cele-010-071.TGCAGCCTAC","0"
"cele-010-072.GGTCGCTATG","9"
"cele-010-073.AACTACGGCT","7"
"cele-010-073.CCGCGGCTCA","3"
"cele-010-073.AAGCCGGCTG","1"
"cele-010-074.AAGTTACCTA","0"
"cele-010-074.GATGATCGTA","0"
"cele-010-074.CTATTAACCA","6"
"cele-010-075.CCAAGCTGAA","5"
"cele-010-076.ACGGCAACCA","0"
"cele-010-077.AATGAATAGT","1"
"cele-010-077.CATGCTGGTT","6"
"cele-010-077.TCATCTAATC","9"
"cele-010-077.ATTAACTTAA","10"
"cele-010-078.AGCGGTAACG","12"
"cele-010-078.TATTACTCAT","3"
"cele-010-078.CTTCTCATTG","10"
"cele-010-078.ATCTAGGTTC","2"
"cele-010-079.GATGATCGTA","11"
"cele-010-079.ATGCAATATG","1"
"cele-010-079.CCGCTATATT","0"
"cele-010-079.TCCGCCTACT","0"
"cele-010-080.ATCCATCAGG","3"
"cele-010-080.AATCGAACTC","6"
"cele-010-080.TGGCGTAGGT","3"
"cele-010-081.GCGGTTATTG","5"
"cele-010-081.AAGTCTTCCG","1"
"cele-010-081.TGATTCCTCA","0"
"cele-010-082.AATGGTCGAC","0"
"cele-010-083.TCTCTCATCC","2"
"cele-010-083.AGCTTACGAA","3"
"cele-010-083.ATGCTCGCAA","0"
"cele-010-084.GCGACGCCTT","4"
"cele-010-084.GGCGGTTGAC","0"
"cele-010-084.AGTTGCATCT","6"
"cele-010-084.CAGGAGGAGA","2"
"cele-010-084.GCTCATATGC","2"
"cele-010-085.ACTCTCTCAA","7"
"cele-010-085.CTTGCGGTCT","5"
"cele-010-085.CTTAGTTCAA","2"
"cele-010-085.TAAGATAGGT","0"
"cele-010-085.AAGTCTTCCG","11"
"cele-010-085.ACTTCCGAAT","1"
"cele-010-086.CAGCGATAGA","1"
"cele-010-086.CCTATAAGCT","9"
"cele-010-086.TAGTACTATC","2"
"cele-010-088.GCGACGCCTT","3"
"cele-010-088.GTTCCGACGA","0"
"cele-010-088.TGCCAGATGG","0"
"cele-010-088.GCAAGGAATA","3"
"cele-010-088.TATCGTCGGC","9"
"cele-010-089.TTCTCTACTA","8"
"cele-010-089.CCATCGGACC","4"
"cele-010-089.TCTAGTCAAG","1"
"cele-010-090.ACCGACCTCA","11"
"cele-010-090.GTTACGCAAG","0"
"cele-010-090.CTATTCGGCC","2"
"cele-010-090.ATCTCCTACG","0"
"cele-010-090.TCGATATTGA","8"
"cele-010-090.CAGGCGCCAT","0"
"cele-010-091.CGGAAGATAT","9"
"cele-010-091.TTGGAATCTC","0"
"cele-010-092.TGAGCTACTT","2"
"cele-010-092.TGATACGAGT","8"
"cele-010-092.CTACGACGAG","0"
"cele-010-092.TCCGCCTACT","10"
